{
 "sr": 44100,
 "sections": [
  {
   "name": "I_dispatcher_Amin",
   "start": 0.0,
   "len": 7.0,
   "expect_pad": [
    110.0,
    164.81377845643496,
    261.6255653005986
   ]
  },
  {
   "name": "II_turn",
   "start": 7.0,
   "len": 5.5,
   "expect_pad": [
    174.61411571650194,
    261.6255653005986,
    349.2282314330039
   ]
  },
  {
   "name": "III_chorus_Cmaj",
   "start": 12.5,
   "len": 7.5,
   "expect_pad": [
    130.8127826502993,
    195.99771799087463,
    329.6275569128699
   ]
  },
  {
   "name": "IV_outro_Cmaj",
   "start": 20.0,
   "len": 6.0,
   "expect_pad": [
    130.8127826502993,
    195.99771799087463,
    329.6275569128699,
    523.2511306011972
   ]
  }
 ]
}